	Đại học Gachon	가천대학교	Top 2	Tỉnh Gyeonggi	10.000.000	1939	"- Trong trường có ga tàu điện Gachon, không những thuận tiện cho việc đi lại và học tập mà còn giúp du học sinh dễ dàng tìm kiếm việc làm thêm tại các cửa hàng và quán ăn quanh ga tàu
- Cách Seoul chỉ 25km"	www.gachon.ac.kr	"Nhân văn (Ngôn ngữ & văn học)
Khoa học xã hội (Du lịch, )
Kinh doanh & kinh tế
Kỹ thuật - Kiến trúc
Điều dưỡng - Dược
Nghệ thuật - Thiết kế
Công nghệ thông tin
Công nghệ nano sinh học"	GPA 7.0	TOPIK 3				70.000	6.016.000	1.182.400		"TOPIK 3: 40% học kỳ
TOPIK 4: 60% học kỳ
TOPIK 5: 80% học kỳ
TOPIK 6: 90% học kỳ"	"Sổ đóng băng
KTX 4 THÁNG"
2	"Đại học Công giáo 
Catholic"	가톨릭대학교	Top 2	Tỉnh Gyeonggi	10.000.000	1855	"- Trường thuộc Top 25 trong bảng xếp hạng các trường Đại học tốt nhất Hàn Quốc năm 2025
- Đại học Catholic là trung tâm mạng lưới y tế lớn nhất Hàn Quốc, liên kết với 8 bệnh viện lớn trong nước"	www.catholic.ac.kr	"Tôn giáo,
Ngôn ngữ Hàn,
Y học"	GPA 6.5	TOPIK 3	THPT			80.000	5.400.000			"TOPIK 3 & 4: 100% học kỳ
TOPIK 5: 100% 1 năm
TOPIK 6: 100% 2 năm"	
3	Đại học Quốc gia Gangwon	강원대학교	Top 2	Tỉnh Kangwon	10.000.000	1947	"- Thuộc 1 trong 10 trường đại học QG trọng điểm của HQ
- KNU là trường đại học sở hữu KTX rộng lớn nhất Hàn Quốc. Hệ thống KTX trong trường có thể đáp ứng trên 7.000 sinh viên"	wwwk.kangwon.ac.kr	"Nghệ thuật
Kỹ thuật (Năng lượng, cơ khí, điện tử,..)
Khoa học tự nhiên (Lâm nghiệp, môi trường, thú y)
Quản trị kinh doanh
Khoa học xã hội - Nhân văn"	GPA 7.0	TOPIK 3				70.000	5.600.000		62.000		
4	Đại học Kyonggi	경기대학교	Top 2	Thủ đô Seoul	10.000.000	1947	"- Tổ chức chương trình hỗ trợ tập tập như Topik Master, Learning man, học tiếng Anh,...
- Rất nhiều hoạt động ngoại khóa cho sinh viên tham gia
- Chương trình Mentoring With You: Hỗ trợ trực tiếp trong học tập thông qua việc kết nối 1:1 giữa mentor và mentee cho sinh viên
"	www.kyonggi.ac.kr	"Du lịch
Nghệ thuật (Animation, thiết kế)
Xã hội (Luật, Thương mại, Kinh tế)
Nhân văn
Quản trị phần mềm (Quản trị kinh doanh, CNTT, AI)"	GPA 7.0	TOPIK 3				100.000	5.600.000	2,346,600	70.000	"TOPIK 3: 30% trợ cấp SH
TOPIK 4: 20% học phí + 30% trợ cấp SH
TOPIK 5: 40% học phí + 30% trợ cấp SH
TOPIK 6: 70%  học phí + 30% trợ cấp SH"	"Sổ đóng băng
KTX 6 THÁNG"
5	Đại học Kyungnam	경남대학교	Top 2	Tỉnh Gyeongsangnam	10.000.000	1946	"- Hiện tại trường bao gồm 6 trường đại học, 6 viện cao học và  viện nghiên cứu
- Được bộ giáo dục HQ công nhận là trường đại học đào tạo được đa ngành lớn tại HQ"	www.kyungnam.ac.kr	"Kỹ thuật, 
Du lịch khách sạn
Kinh doanh - Thương mại
Dịch vụ du lịch & khách sạn
Xã hội & Nhân văn
Khoa học tự nhiên
Hội tụ AI/SW"	GPA 6.5	TOPIK 3				100.000	4.800.000	1.240.000	130.000	"TOPIK 3: 50% học kỳ + miễn KTX 1 lần
TOPIK 4: 70% học kỳ + miễn KTX 2 lần"	*KTX Bao gồm 1-2 bữa ăn/ngày
6	Đại Học Kyungdong	경동대학교	Top 2	Tỉnh Kangwon	10.000.000	1981		kduniv.ac.kr	"Công nghệ thông tin,
Quản trị kinh doanh,
Ẩm thực, Y tế
Quản trị khách sạn & du lịch
Kỹ thuật xây dựng
Điều dưỡng
Thiết kế"	GPA 6.5	TOPIK 3					$2.400/ 4 kỳ	$1.100	$300	TOPIK 3: 100% học kỳ	Nhận GDTX và miền Trung
7	Đại học Quốc gia Gyeongsang	경상국립대학교	Top 2	Tỉnh Gyeongsangnam	8.000.000	1910	"- Quy mô: 5 cơ sở, 20 khoa đại học, 11 khoa sau đại học, 121 chuyên ngành đào tạo
- Xếp hạng Đại học Leiden năm 2021: Thứ 2 trong số các trường đại học hàng đầu quốc gia về tỷ lệ xuất bản 10% hàng đầu                        "	"
www.gnu.ac.kr"	"Kỹ thuật (Kỹ thuật Vật liệu – Nano)
Công nghệ sinh học,
Công nghệ thông tin
Kỹ thuật hàng không vũ trụ
Thú y
Khoa học xã hội
Khoa học tự nhiên
Khoa học hàng hải
Kinh doanh - Thương mại
Nhân văn (Ngôn ngữ & văn học)
Kỹ thuật môi trường & Xây dựng"	GPA 7.0	TOPIK 3					4.800.000	622,440 – 1,163,940	100.000	"TOPIK 3: 50% học kỳ (chỉ áp dụng chuyên ngành tự do toàn cầu)
TOPIK 4: 100% học kỳ
TOPIK 5&6: 100% học kỳ + SHP 500.000krw"	"Sổ đóng băng
KTX 4 THÁNG"
8	Đại học Kyungwoon	경운대학교	Top 2	Tỉnh Gyeongsangbuk	10.000.000	1996		www.ikw.ac.kr	"Dịch vụ hàng không
Kỹ thuật hàng không
Điều dưỡng"	GPA 6.5	TOPIK 3					4.800.000	600.000			
9	Đại học Kyungil	경일대학교	Top 2	Tỉnh Gyeongsangnam	10.000.000	1963	"- Thuộc top 5 trong top trường Đại học hàng đầu của khu vực Gyeongsan
- Được biết đến là trường ĐH có chính sách học bổng rất ưu ái cho sinh viên nước ngoài"	www.kiu.ac.kr	" Kỹ thuật (Ô tô, Phần mềm,Chế tạo máy)
Nghệ thuật ( Nhiếp ảnh  & Điện ảnh)
Xã hội & Nhân văn
Thiết kế thời trang"	GPA 6.5	TOPIK 3					5.200.000		80000	"TOPIK 3: 50% học kỳ
TOPIK 4: 100% học kỳ
TOPIK 5: 100% 2 năm
TOPIK 6: 100% 4 năm"	
10	Đại học Kwangwoon	광운대학교	Top 2	Thủ đô Seoul	10.000.000	1934	"- Xếp hạng 1 toàn quốc về tỷ lệ hỗ trợ việc làm và khởi nghiệp tính theo đầu sinh viên sau tốt nghiệp
- 16 giáo sư của trường được chọn vào Top 2% nhà khoa học hàng đầu thế giới"	https://www.kw.ac.kr/en/	"Tổng hợp trí tuệ nhân tạo (Robot AI)
Điện tử (Kỹ thuật điện tử - CNTT)
Kỹ thuật - Kiến trúc 
Khoa học tự nhiên
Kinh doanh - Thương mại - Big Data
Khoa học xã hội & nhân văn"	GPA: 7.0	TOPIK 3				50.000	6.000.000			"SV hoàn thành chương trình tại Viện NN của trường: 50% học kỳ
TOPIK 3: 70% học kỳ 
TOPIK 4: 80% học kỳ "	
11	Đại học Gwangju	광주대학교	Top 2	Thành phố Gwangju	10.000.000	1980	"- Trường được Bộ lao động và Việc làm chọn là Trung tâm đào tạo kép, kết hợp giáo dục và hướng nghiệp, phát triển nguồn nhân lực HQ trong 4 năm liên tiếp
- Cách Seoul 1h30 đi tàu cao tốc"	https://www.gwangju.ac.kr/english/	"Kỹ thuật Công nghệ
Y tế & Phúc lợi
Giáo dục & Nhân văn
Kinh doanh - Kinh tế
Nghệ thuật – Công nghiệp"	GPA: 6.5	TOPIK 3					4.400.000	890.000 - 1.270.000		"TOPIK 3: 40% học kỳ
TOPIK 4: 55% học kỳ
TOPIK 5: 60% học kỳ
TOPIK 6: 65% học kỳ"	"Sổ đóng băng
KTX 6 THÁNG"
12	Đại học QG Gangneung wonju	국립강릉원주대학교	Top 2	Tỉnh Kangwon	10.000.000	1946	"- Cách Seoul 1h30 phút đi tàu
- Bao gồm 9 trường đại học trực thuộc, đào tạo 56 chuyên ngành, 13 Viện nghiên cứu và 52 tổ chức liên kết "	https://www.gwnu.ac.kr/sites/en/index.do	"Khoa học xã hội (Du lịch biển)
Nhân văn (Ngôn ngữ & văn học)
Công nghệ thông tin
Khoa học tự nhiên
Khoa học đời sống
Kỹ thuật bán dẫn & điện tử"	GPA: 6.5	TOPIK 3				50.000	4.800.000			"TOPIK 3: 20% học kỳ
TOPIK 4: 80% học kỳ
TOPIK 5: 100% học kỳ"	
13	Đại học Quốc gia GyeongKuk	국립경국대학교	Top 2	Tỉnh Gyeongsangbuk	8.000.000	1047	"Nằm ở trung tâm của tỉnh Gyeongsangbuk-do
Có Trung tâm Xuất nhập cảnh Andong ngay trong khuôn viên trường
→ thuận tiện cho đăng ký người nước ngoài và gia hạn visa.
Tổ chức thi Test of Proficiency in Korean (TOPIK) tại trường"	https://en.knu.ac.kr/main/main.htm	"Khoa học xã hội và nhân văn
Quản trị kinh doanh
Kinh tế
Thời trang - nghệ thuật
Khoa học đời sống và kỹ thuật"	GPA: 7.0	TOPIK 3				60.000	4.600.000	1.300.000 - 1.600.000	80.000	TOPIK 3: 22%	"KTX 4 tháng
*bao gồm 2-3 bữa ăn/ ngày"
14	Đại học Quốc gia Kongju	국립공주대학교	Top 2	Tỉnh Chungcheongnam	8.000.000	1948	"- Bao gồm 7 trường đại học trực thuộc, đào tạo 102 ngành học và chuyên ngành
- Được giáo dục QG chọn là trung tâm tổ chức kỳ thi TOPIK chính thức"	https://english.kongju.ac.kr/eng/index.do	"Sư phạm, Kỹ thuật,
Nông nghiệp
Khoa học tự nhiên
Khoa học xã hội và nhân văn
Quản trị du lịch"	GPA: 7.0	TOPIK 3				60.000	4.800.000	1.486.100 - 2.015.200	100.000	"TOPIK 3: 20% học kỳ
TOPIK 4: 40% học kỳ
HB sinh viên lên chuyên ngành từ viện ngôn ngữ của trường: 1.000.000krw"	"KTX 1 học kỳ
*bao gồm 3 bữa ăn/ngày
BH 6 tháng"
15	Đại học Dongguk (WISE campus)	동국대학교 wise캠퍼스	Top 2	Tỉnh Gyeongsangbuk	8.000.000	1978		https://wise.dongguk.ac.kr/eng/main.do	"Xã hội nhân văn
Y học - thể thao
Kỹ thuật máy tính, kỹ thuật điện
Quản trị kinh doanh
Quản trị kinh doanh du lịch - khách sạn
Thiết kế mỹ thuật"		TOPIK 3					4.800.000	862.000 - 1.074.000		"TOPIK 3: 30% học kỳ
TOPIK 4: 40% học kỳ
TOPIK 5: 50% học kỳ
TOPIK 6: 100% học kỳ"	KTX 1 học kỳ
16	국립군산대학교	Đại học quốc gia Kunsan	Top 2	Tỉnh Jeollabuk	8.000.000	1946	- Gồm 7 đại học nằm trực thuộc, với 51 chuyên ngành, 30 các phòng ban quản lý khác nhau và 4 trường sau đại học	https://www.kunsan.ac.kr/	"Sư phạm
Kỹ thuật
Công nghệ & Khoa học biển
Nghệ thuật
Khoa học xã hội
Khoa học tự nhiên
Nhân văn (Ngôn ngữ & văn học)"	GPA: 7.0	TOPIK 3					5.200.000	1.300.000	300.000	TOPIK 4>6: 500,000krw	BH 1 NĂM
17	국립부경대학교	Đại học Quốc gia Pukyong	Top 2	Thành phố Busan	8.000.000	1996		https://www.pknu.ac.kr	"Khoa học tự nhiên
Kỹ thuật - Diện tử
Khoa học ngư nghiệp
Công nghiệp môi trường khoa học biển
Xã hội & Nhân văn
Quản trị kinh doanh
Công nghệ thông tin
 - Kiến trúc - Thiết kế"	GPA: 6.5	TOPIK 3					5.200.000			"- Từ D4-1 chuyển lên D2-2
TOPIK 3: 40% học kỳ
TOPIK 4 & 5: 80% học kỳ
- D2-2
TOPIK 4: 40% học kỳ
TOPIK 5 & 6: 100% học kỳ"	
18	국립창원대학교	Đại học Quốc gia Changwon	Top 2	Tỉnh Gyeongsangnam	8.000.000	1969	https://www.sunhakup.ac.kr	https://www.changwon.ac.kr	"Kỹ thuật Cơ điện tử
Khoa học & Kỹ thuật Vật liệu
Công nghệ Thông tin & 
Kinh doanh Quốc tế
Điều dưỡng & Khoa học sức khỏe"	GPA 7,0	TOPIK 3				80.000	4.800.000	1.500.000	100.000	"- TOPIK 4: 50% học kỳ
- TOPIK 5: 100% học kỳ"	"ktx 6 tháng
BH 1 năm
Giáo trình 80.000 won"
19	국립한국교통대학교	"Đại học Quốc gia Giao thông
 Hàn Quốc"	Top 2	Tỉnh Chungcheongbuk	8.000.000	1905	"- KNUT là trường công lập duy nhất đào tạo chuyên sâu về giao thông vận tải
- Tọa lạc tại thành phố Chungju, có nhiều cơ hội việc làm cho du học sinh chưa vững tiếng Hàn"	https://www.ut.ac.kr	"Khoa học đường sắt
Kỹ thuật (vận tải, kiến trúc, thiết kế)
Công nghệ hội tụ (Cơ khí, oto, hàng không)
Xã hội - Nhân văn
Khoa học đời sống & sức khỏe"	GPA: 7.0	TOPIK 3					4.400.000			"TOPIK 3: 100% học kỳ 1
TOPIK 4:  100% học kỳ 1 + 50% học phí kỳ 2
TOPIK 5: 100% học kỳ 1 + 75% học phí kỳ 2
TOPIK 6: 100% 1 năm"	
20	국립한밭대학교	Đại học Quốc gia Hanbat	Top 2	Thành phố Daejeon	8.000.000	1927	"- Hanbat liên kết với 101 trường đại học tại 29 quốc gia như Mỹ, Anh, Đức,...
- Đứng TOP 1 HQ về tỷ lệ sinh viên có việc làm sau khi tốt nghiệp"	https://www.hanbat.ac.kr	"Trí tuệ nhân tạo
 Kỹ thuật - Kiến trúc
Kinh tế thương mại
Khoa học nhân văn"	GPA: 7.0	TOPIK 3				100.000	5.000.000	660.000 - 1.200.000	100.000	"TOPIK 3: 30% học kỳ
TOPIK 4: 50% học kỳ
TOPIK 5 & 6: 100% học kỳ"	"Sổ đóng băng
KTX 1 kỳ
Chi phí quản lý + 2 bửa ăn 2.500.000 won/ 2 kỳ"
21	국민대학교	Đại học Kookmin	Top 2	Thủ đô Seoul	10.000.000	1946	- Dẫn đầu chất lượng đào tạo ngành oto tự động hóa, mở đầu cuộc cách mạng công nghiệp 4.0 và chuyển đổi sang xe điện, xe tự lái	https://www.kookmin.ac.kr	"Kỹ thuật Tiên tiến (Cơ khí tự động hóa)
Khoa học Máy tính (Ô tô - Trí tuệ Nhân tạo)
 - Quan hệ công chúng
Xã hội - Nhân văn
Luật & Thương mại
Khoa học & Công nghệ
Quản trị Kinh doanh  - Big Data
Kiến trúc - Thiết kế - Âm nhạc - Mỹ thuật - Nghệ thuật Biểu diễn"	GPA: 7.0	TOPIK 4				100.000	6.400.000	653.000	100.000	"TOPIK 3: 30% học kỳ
TOPIK 4: 50% học kỳ
TOPIK 5: 70% học kỳ
TOPIK 6: 100% học kỳ"	KTX 1 học kỳ
22	나사렛대학교	Đại học Nazarene Hàn Quốc	Top 2	Tỉnh Chungcheongnam	8.000.000	1954	- Nazarene là một trong những ngôi trường liên kết quốc tế hàng đầu tại Hàn Quốc. Hiện nay trường có trên 52 cơ sở tại các nước phát triển như Anh, Mỹ, Úc…	https://www.kornu.ac.kr	"Phục hồi Chức năng,
Phúc lợi Xã hội
Xã hội và nhân văn
QTKD
Tổ hợp Quản trị Hàng không, du lịch, khách sạn
Khoa học tự nhiên
Nghệ thuật & Thể thao"	GPA: 7.0	TOPIK 3					5.200.000	600.000		"*Sinh viên chuyển lên chuyên ngành từ viện ngôn ngữ của trường: 
- TOPIK 2: 50%
- TOPIK 3: 100%

*Sinh viên mới nhập học chuyên ngành
- TOPIK 2: 30%
- TOPIK 3,4: 50%
- TOPIK 5,6: 100%"	"Sổ đóng băng
KTX 1 kỳ"
23	남서울대학교	Đại học Namseoul	Top 2	Tỉnh Chungcheongnam	8.000.000	1994	- Tổ chức chương trình hỗ trợ tập tập như “buddy”, “mentoring” cho các du học sinh	https://www.nsu.ac.kr	"Kỹ thuật (Khoa học máy tính, Kiến trúc)
Khoa học xã hội (Du lịch, )
Nhân văn
Điều dưỡng
Khoa học tự nhiên
Kinh doanh & quản trị công"	GPA: 6.5	TOPIK 3				100.000	5.000.000	1,243,000	58.000	"TOPIK 3: 30% học kỳ
TOPIK 4: 40% học kỳ
TOPIK 5: 50% học kỳ
TOPIK 6: 60% học kỳ"	"Sổ đóng băng
KTX 1 kỳ

565.000krw/kỳ - phòng 4 người
960,500 - 1,243,000krw/kỳ - phòng 2 người
*Cọc 20.000krw"
24	대구가톨릭대학교	Đại học Daegu Catholic	Top 2	Thành phố Daegu	10.000.000	1914	- Trường đại học gồm có: 13 trường đại học trực thuộc, 16 khoa đại học, 10 khoa sau đại học, 72 chuyên ngành đào tạo	https://www.cu.ac.kr	"Nghệ thuật
Kinh doanh Quốc tế
Kỹ thuật - Công nghệ
Điều dưỡng - Sức khỏe
Toán học
Giáo dục Địa lý
Xã hội - Nhân văn"	GPA: 6.5	TOPIK 3				50.000	5.200.000			"TOPIK 3: 50% học kỳ
TOPIK 4: 100% học kỳ"	
25	대구한의대학교	Đại học Daegu	Top 2	Thành phố Daegu	8.000.000	1956	- Trường đại học gồm có: 14 khoa đại học, 75 chuyên ngành đào tạo	https://www.dhu.ac.kr	" Công nghệ thông tin
Kỹ thuật - Công nghệ
Kinh doanh - Kinh tế
Nhân văn (Ngôn ngữ & văn học)
Khoa học xã hội
Khoa học tự nhiên
Nghệ thuật thiết kế"	GPA: 6.5	TOPIK 2				50.000	4.500.000	900.000	120.000	"TOPIK 2: 50% học kỳ
TOPIK 3,4: 70% học kỳ
TOPIK 5: 100% học kỳ"	"Sổ đóng băng
KTX 6 tháng
BH 1 năm"
26	대신대학교	Đại học Daeshin	Top 2	Tỉnh Gyeongsangbuk	8.000.000	1954		https://www.daeshin.ac.kr	"Thần học
Phúc lợi xã hội
Giáo dục mầm non
Tư vấn tâm lý
Âm nhạc thánh ca"	GPA: 6.5	TOPIK 3					3.800.000	900.000	1.150.000	Không có học bổng TOPIK	"Sổ đóng băng
KTX 1 năm
BH 1 năm"
27	대전대학교	Đại học Daejeon	Top 2	Thành phố Daejeon	8.000.000	1980	"- Trường đại học hàng đầu tại Daejeon
- Được Bộ giáo dục HQ trao danh hiệu - Tổ chức giáo dục đại học nâng cao ACE"	https://www.dju.ac.kr	"Kinh doanh - Thương mại
Khoa học xã hội
Nghệ thuật - Thiết kế
Dinh dưỡng thực phẩm
Công nghệ - Kiến trúc - AI - IT"	GPA: 7.0	TOPIK 3					4.840.000		150	"TOPIK 4: 200.000krw/ 1 kỳ
TOPIK 5: 300.000krw/ 1 kỳ
TOPIK 5: 400.000krw/ 1 kỳ"	BH 1 năm
28	동명대학교	Đại học Tongmyong	Top 2	Thành phố Busan	8.000.000	979		https://www.tu.ac.kr	"Công nghệ thông tin (IT)
Kỹ thuật
Thiết kế – kiến trúc
Logistics – thương mại quốc tế
Quản trị kinh doanh"	GPA: 6.5	TOPIK 3				70.000	4.800.000	1.900.000	200.000	"TOPIK 3: 20% học kỳ
TOPIK 4: 30% học kỳ
TOPIK 5: 40% học kỳ
TOPIK 6: 50% học kỳ"	"KTX  6 tháng
*bao gồm bữa ăn
bh 1 năm"
29	동서대학교	Đại học Dongseo	Top 2	Thành phố Busan	8.000.000	1992	- Hợp tác nghiên cứu với 169 trường đại học trên 37 quốc gia, mở 2 văn phòng đại diện tại Mỹ và Trung Quốc	https://www.dongseo.ac.kr	"Điện ảnh

Công nghệ số
Du lịch toàn cầu
Thiết kế
Khoa học xã hội
Kinh doanh - Thương mại
Kỹ thuật - Phần mềm"	GPA: 6.5	TOPIK 3					4.400.000	600.000 - 850.000		"TOPIK 2: 20% học kỳ
TOPIK 3: 50% học kỳ
TOPIK 4: 60% học kỳ
TOPIK 5: 100% học kỳ"	KTX 4 tháng
30	동신대학교	Đại học Dongshin	Top 2	Tỉnh Jeollanam	8.000.000	1987	"- Cách Seoul 2h30 phút đi tàu, chi phí sinh hoạt chỉ 50% so với Seoul
- Được Bộ giáo dục công nhận chính thức là trường đại học tổng hợp năm 1992"	https://www.dsu.ac.kr	"Kỹ thuật
Năng lượng tổng hợp
Dinh dưỡng thực phẩm
Xã hội & Nhân văn
Du lịch - khách sạn
"	GPA: 6.5	TOPIK 3				100.000	4.800.000	1.130.000		"TOPIK 3: 50% học kỳ
TOPIK 4: 60% học kỳ
TOPIK 5: 70% học kỳ
TOPIK 6: 100% học kỳ"	KTX 6 tháng
31	동아대학교	Đại học Donga	Top 2	Thành phố Busan	8.000.000	1946	- Trường đại học tư thục tốt nhất ở Busan, đạt chuẩn Hệ thống chứng nhận năng lực Quốc tế hóa giáo dục	https://www.donga.ac.kr	"Xã hội & Nhân văn
Kinh doanh - Kinh tế - Hành chính
Nghệ thuật - Mỹ thuật - 
Khoa học tự nhiên
Thiết kế - Kiến trúc
Khoa học công nghệ
Máy tính kỹ thuật AI"	"GPA: 7.0
"	TOPIK 3		Không nhận học sinh Nghệ An, Hà Tĩnh			5.200.000	900.000	71.920	"- Từ D4-1 chuyển lên D2-2
TOPIK 2/TC1: 50%
TOPIK 3: 60% học kỳ
TOPIK 4: 70% học kỳ
TOPIK 5 & 6: 100% học kỳ

- D2-2
TOPIK 3: 50% học kỳ
TOPIK 4: 60% học kỳ
TOPIK 5 & 6: 100% học kỳ"	"KTX 4 tháng
BH 1 tháng"
32	명지대학교	Đại học Myongji	Top 2	Thủ đô Seoul	10.000.000	1948	- Khoa kiến trúc đứng thứ 2 trên TG, nhận được chứng nhận UIA, KAAB	https://www.mju.ac.kr	"Kỹ thuật - Kiến trúc
Khoa học xã hội - nhân văn (Ngôn ngữ)
Khoa học tự nhiên
Kinh doanh - Thương mại
Hội Tụ ICT - Hội tụ tương lai"	GPA: 7.0	TOPIK 3				50.000	"
 5.200.000 - 6.000.000
"	600.000		"TOPIK 3: 40% học phí
TOPIK 4: 40% học phí + 20% trợ cấp SH
TOPIK 5: 40% học phí + 30% trợ cấp SH
TOPIK 6: 40%  học phí + 40% trợ cấp SH"	"Nhà ở gần trường đại học: 400.000 KRW ~ 600.000 KRW/tháng (tiền đặt cọc: 3.000.000 KRW ~ 10.000.000 KRW)

- CS Seoul: 6.000.000
- CS Yongin: 5.200.000"
33	목원대학교	Đại học Mokwon	Top 2	Thành phố Daejeon	8.000.000	1954		https://www.mokwon.ac.kr	"Công nghệ - Kỹ thuật
Âm nhạc - Nghệ thuật Thiết kế
Sư phạm
Khoa học xã hội
Webtoon - Hoạt hình
"	GPA: 6.5	TOPIK 3				100.000	5.200.000		300		BH 2 NĂM
34	배재대학교	Đại học PaiChai	Top 2	Thành phố Daejeon	8.000.000	1885	- Trường đại học tổng hợp với 7 đại học chuyên ngành, 5 viện đào tạo gồm 31 khoa và 36 ngành	https://www.pcu.ac.kr	"Du lịch khách sạn
Quản trị kinh doanh
Nghệ thuật - Thiết kế
Khoa học & xã hội (Ngôn ngữ Hàn)
Đời sống sức khỏe
AI - SW - IT tổng hợp"	GPA: 7.0	TOPIK 3					5.200.000			"D4-1:
- GPA 7.5 : 300.000krw
- GPA 8.0 : 600.000krw
D2-2:
- TOPIK 3: 30% 1 năm"	
35	백석대학교	Đại học Baekseok	Top 2	Tỉnh Chungcheongnam	8.000.000	1994	- Cách thủ đô Seoul 90km. Giao thông rất thuận tiện, di chuyển đến Seoul chỉ trong 1h đồng hồ	https://www.bu.ac.kr	"Khoa học máy tính
Du lịch (Du lịch khách sạn)
Nhân văn (Ngôn ngữ & văn học)
Điều dưỡng
Phúc lợi xã hội
Công nghệ thông tin
Thiết lế - Dựng phim
Công nghiệp nhà hàng
Kinh tế - Thương mại
Văn hóa & Nghệ thuật"	GPA: 7.0	TOPIK 3				55.500	5.200.000	600.000		TOPIK 3: 50% học kỳ	Cọc KTX 200.000 
36	삼육대학교	Đại học Sahmyook	Top 2	Thủ đô Seoul	10.000.000	1906		https://www.syu.ac.kr	"Điều dưỡng (Nursing)
Dược
Phúc lợi xã hội
Quản trị kinh doanh
Thực phẩm – dinh dưỡng
Thể thao và sức khỏe"	GPA: 6.5	TOPIK 3				100.000	6.000.000	815.000 - 1.378.000	75.000	"TOPIK 3: 25% học kỳ
TOPIK 4: 50% 1 năm
TOPIK 5: 100% 1 năm
TOPIK 6: 100% 4 năm"	"KTX 1 kỳ
BH 6 tháng"
37	서강대학교	Đại học Sogang	Top 2	Thủ đô Seoul	10.000.000	1960	"- Luôn nằm trong TOP 10 trường đào tạo tốt nhất HQ
- Liên kết với các tổ chức/doanh nghiệp lớn như: Samsung, Huyndai, LG, Google, Lotte, CJ,... mở ra vô vàng cơ hội làm việc cho sinh viên sau tốt nghiệp"	"
https://www.sogang.ac.kr"	"Khoa học xã hội - nhân văn (Ngôn ngữ)
Kinh doanh - Kinh tế Quốc tế
 - Nghệ thuật
Khoa học tự nhiên
Kỹ thuật công nghiệp
Khoa học phần mềm"	GPA: 7.0	TOPIK 4				100.000	7.150.000	1.630.000	200.000	"TOPIK 4: 25% học kỳ
TOPIK 5: 50% học kỳ
TOPIK 6: 100% học kỳ"	
38	서울과학기술대학교	Đại học khoa học & kỹ thuật Seoul (Seoul Tech)	Top 2	Thủ đô Seoul	10.000.000	1910	"- Trường đại học công lập tổng hợp duy nhất tại Seoul
- Thư viện trung tâm mở cửa từ năm 1991, dịch vụ hỗ trợ học tập thông minh (Smart Learning Support Service), giúp sinh viên tiếp cận hiệu quả hơn, góp phần nâng cao chất lượng học tập và nghiên cứu."	https://www.seoultech.ac.kr	"Kỹ thuật
Công nghệ thông tin &  liên lạc
Năng lượng sinh học
Công nghệ hội tụ
Hội tụ sáng tạo - Hội tụ tương lai
Khoa học xã hội - nhân văn - thiết kế"	GPA: 7.0	TOPIK 3				50.000	6.000.000	1.800.000		"TOPIK 4: 50% học kỳ
TOPIK 5: 70% học kỳ
TOPIK 6: 100% học kỳ"	KTX 6 tháng
39	서울대학교	Đại học Quốc Gia Seoul 	Top 2	Thủ đô Seoul	10.000.000	1946	"- Tỉ lệ đỗ trường 1% trên tổng số hồ sơ apply vào trường
- Trường đại học danh tiếng đứng đầu HQ"	https://www.snu.ac.kr	"Kỹ thuật
Điều dưỡng
Khoa học Tự nhiên
Quản trị Kinh doanh
Mỹ thuật - Âm nhạc
Khoa học Xã hội - Sư phạm - Luật
Nhân văn (Ngôn ngữ & văn học)
Khoa học Tiêu dùng & Dinh dưỡng
Khoa học Nông nghiệp & Đời sống"	"
GPA: 8.5

"	TOPIK 4				60.000	7.200.000			Không có học bổng TOPIK	
40	세명대학교	Đại học Semyung	Top 2	Tỉnh Chungcheongbuk	8.000.000	1990		https://www.semyung.ac.kr	"Văn hóa và  Hàn Quốc
Kỹ thuật và Công nghệ Thông tin
Khoa học xã hội và nhân văn 
Điều dưỡng & Công nghệ Sinh học"	D4-1: GPA 7.0	TOPIK 3					4.400.000			Không có học bổng TOPIK	
41	국립순천대학교	Đại học Quốc gia Sunchon	Top 2	Tỉnh Jeollanam	8.000.000	1935	"- Tổ chức chương trình hỗ trợ tập tập như “buddy”, “mentoring” cho các du học sinh
- Xếp hạng 17 trong 182 trường đại học được Bộ giáo dục HQ đầu tư phát triển"	https://www.scnu.ac.kr	"Kỹ thuật
Khoa học đời sống
Nhân văn & Nghệ thuật
Kinh doanh - Kinh tế - Thương mại
Sư phạm
Thiết kế thời trang
Điện - hoá học"	GPA: 7.0	TOPIK 3					5.200.000	1.000.000	100	"TOPIK 2: 80% học kỳ
TOPIK 3>6: 100% học kỳ"	"KTX 15 tuần
BH 6 tháng"
42	순천향대학교	Đại học Soonchunhyang	Top 2	Tỉnh Chungcheongnam	8.000.000	1978		https://www.sch.ac.kr	"Xã hội & Nhân văn
Tự nhiên (, QTKD, KDQT, thương mại quốc tế, quản trị du lịch)
Kỹ thuật
Nghệ thuật
Chuyên ngành tự do toàn cầu"	GPA: 6.5	TOPIK 3				50.000	5.200.000	2.188.000		"TOPIK 3: 800.000krw
TOPIK 4: 1.000.000krw
TOPIK 5: 1.200.000krw
TOPIK 6: 1.400.000krw"	KTX 1 năm
43	숭실대학교	Đại học Soongsil	Top 2	Thủ đô Seoul	10.000.000	1897	- Trường đại học Cơ Đốc đầu tiên tại Hàn Quốc. Ngay trước trường có ga tàu điện, bến xe bus thuận tiện cho sinh viên, nhiều cửa hàng tiện lợi, quán cafe	https://www.ssu.ac.kr	"Nhân văn (Ngôn ngữ & Văn học HQ)
Khoa học xã hội ()
Công nghệ thông tin
Kỹ thuật
Khoa học tự nhiên
Quản trị kinh doanh
Kinh tế - Thương mại"	GPA: 7.0	TOPIK 4				70.000	6.400.000	450,000 – 1,117,000			KTX 3 tháng
44	신라대학교	Đại học Silla	Top 2	Thành phố Busan	8.000.000	1964		https://www.silla.ac.kr	"Kỹ thuật
Kinh doanh toàn cầu
Kỹ thuật tích hợp MICT
Khoa học đời sống 
Xã hội & Nhân văn
Thiết kế - Nghệ thuật"	GPA: 6.5	TOPIK 3				50.000	5.000.000	734.000		"TOPIK 2: 30% học kỳ
TOPIK 3: 50% học kỳ
TOPIK 4: 70% học kỳ
TOPIK 5>6: 100% học kỳ"	KTX 1 học kỳ
45	신한대하교	Đại học Shinhan	Top 2	Tỉnh Gyeonggi	10.000.000			https://www.shinhan.ac.kr	" & sản xuất video (media & film)
Kỹ thuật cơ khí
Kỹ thuật ô tô
Thiết kế - nghệ thuật
Làm đẹp
Thương mại toàn cầu
Quản trị du lịch quốc tế
Khoa học xã hội"	GPA: 6.5	TOPIK 3				50.000	5.600.000	700.000 - 1.400.000		TOPIK 4: 50% học kỳ	KTX 6 tháng
46	연세대학교	Đại học Yonsei	Top 2	Thủ đô Seoul	10.000.000	1885	"- Thuộc top SKY trường đại học hàng đầu HQ
- Đối tác toàn cầu với 845 trường đại học
- Tỉ lệ đỗ trường 5% trên tổng số hồ sơ apply vào trường"	https://www.yonsei.ac.kr	"Quản trị kinh doanh
Thương mại - Kinh tế
Hội tụ trí tuệ nhân tạo
Khoa học Xã hội ()
Nhân văn (Ngôn ngữ Hàn, Trung, Pháp,...)
Sư phạm
Điều dưỡng
Khoa học tự nhiên
Khoa học đời sống & sinh học"	"
GPA: 8.5
"	TOPIK 4				120.000	7.440.000			Không có học bổng TOPIK	"- Cạnh tranh cao, nên có tối thiểu TOPIK 4
- Mạnh tài chính
- Tham gia tích cực các hoạt động phong trào ở trường THPT

D2-2: 
- YC TOPIK 5 khoa điều dưỡng"
47	영남대학교	Đại học Yeungnam	Top 2	Tỉnh Gyeongsangbuk	8.000.000	1947	"- Xếp hạng 13 trong nước theo đánh giá U.S. News năm 2024
- 10 năm liên tiếp dẫn đầu toàn quốc về đào tạo lĩnh vực Toán học & Máy tính"	https://www.yu.ac.kr	"Kỹ thuật,
Quản trị kinh doanh
Nhân văn (Ngôn ngữ & văn )
Global Telent
Khoa học xã hội
Khoa học tự nhiên
Khoa học đợi sống
Kỹ thuật số - Nghệ thuật"	GPA: 7.0	TOPIK 3				50.000	5.200.000	786.000		"TOPIK 3: 50% học kỳ
TOPIK 4: 70% học kỳ
TOPIK 5 & 6: 100% học kỳ"	KTX 3 tháng, cọc 100.000kwon
48	영산대학교	Đại học Youngsan	Top 2	Thành phố Busan	8.000.000	1997	"- Khoa Du lịch & Khách sạn nổi tiếng thứ 4 tại HQ
- Đạt chuẩn năng lực quốc tế hóa giáo dục (IEQAS) do Bộ GD Hàn Quốc công nhận"	https://www.ysu.ac.kr	"Du lịch & khách sạn
Nghệ thuật & Công nghệ
Kỹ thuật
Điều dưỡng
Tương lại hội tụ"	GPA: 7.0	TOPIK 3				80.000	5.000.000			"TOPIK 3: 30% học kỳ
TOPIK 4: 50% học kỳ + Phí nhập học"	
49	우송대학교	Đại học Woosong	Top 2	Thành phố Daejeon	8.000.000	1954	"- Chương trình đào tạo bao gồm 13 ngành bằng tiếng Anh, 26 ngành đào tạo bằng tiếng Hàn.
- Môi trường quốc tế cao, sinh viên đến từ 87 Quốc gia."	https://www.wsu.ac.kr	"Quản trị kinh doanh
AI - Big Data
Nghệ thuật ẩm thực
K-Beauty & K-Pop
Human & Digital Interface
Quản trị nhà hàng - khách sạn
Truyển thông đa phương tiện"	GPA: 7.0	TOPIK 3				60.000	5.200.000	1.000.000			KTX 6 tháng
50	울산대학교	Đại học Ulsan	Top 2	Thành phố Ulsan	8.000.000	1970		https://www.ulsan.ac.kr	"Hội tụ Kinh doanh – Kinh tế
Ngôn ngữ & Văn học Hàn Quốc
Thiết kế
ICT / Công nghệ thông tin"	GPA: 7.0	TOPIK 3				100.000	5.400.000	975.000	80.000	"TOPIK 3: 50% học kỳ
TOPIK 4: 70% học kỳ
TOPIK 5: 100% học kỳ"	"KTX 4 tháng
BH 2 tháng"
51	원광대학교	Wonkwang University	Top 2	Tỉnh Jeollabuk	8.000.000	1953		https://www.wku.ac.kr	"Đông y (Korean Medicine)
Điều dưỡng (Nursing)
Công nghệ thông tin (IT / Computer Science)
Quản trị kinh doanh (Business Administration)
Thiết kế – Nghệ thuật (Design)"	GPA: 6.5	TOPIK 3				100.000	4.400.000	796.000	100.000		"KTX 15 tuần
"
52	위덕대학교	Đại học Uiduk	Top 2	Tỉnh Gyeongsangbuk	8.000.000	1996		https://www.uu.ac.kr		GPA: 6.5	TOPIK 3					5.150.000	600.000 -700.000		"50% học phí khi nhập học
TOPIK 4: 40% học kỳ tiếp theo
TOPIK 5: 100% học phí 2 năm
TOPIK 6: 100% học phí 4 năm"	KTX 3 tháng
53	인제대학교	Đại học Inje	Top 2	Tỉnh Gyeongsangnam	8.000.000	1946	"- Sinh viên theo học tại trường được giảm chi phí y tế tại 5 bệnh viện Paik trực thuộc Inje University
- Gần sân bay Gimhae, di chuyển chỉ mất 20p đi tàu"	https://www.inje.ac.kr	"Du lịch & khách sạn
Nghệ thuật & Công nghệ
Kỹ thuật
Điều dưỡng
Tương lại hội tụ"	GPA: 6.5	TOPIK 3				50.000	5.600.000			"TOPIK 3: 30% học kỳ
TOPIK 4: 50% học kỳ
TOPIK 5: 80% học kỳ
TOPIK 6: 100% học kỳ"	
54	인천대학교	Đại học Quốc gia Incheon	Top 2	Thành phố Incheon	8.000.000	1979	"- INU có vị trí giao thông thuận tiện, gần sân bay quốc tế Incheon, cách Seoul khoảng 30 phút đi xe bus
- Được trao giải 4 năm liên tiếp trong hạng mục Trường Đại học tư thục xuất sắc"	https://www.inu.ac.kr	"Kỹ thuật
Khoa học xã hội 
Kinh tế toàn cầu
Khoa học đô thị
Khoa học tự nhiên
Quản trị kinh doanh
Công nghệ thông tin
Nghệ thuật & Thể dục
Nhân văn (Ngôn ngữ & văn học)
Thương mại & Kinh doanh Quốc tế
Khoa học đời sống & Công nghệ sinh học"	 GPA: 7.0	TOPIK 4				70.000	5.200.000	"1.280.000
1.040.000
720.000"		"TOPIK 4: 30% học kỳ
TOPIK 5: 50% học kỳ
TOPIK 6: 70% học kỳ"	"- Khoa học & Kỹ thuật Máy tính: YC TOPIK 4

KTX 4 tháng"
55	전남대학교	Đại học Quốc gia Chonnam	Top 2	Thành phố Gwangju	8.000.000	1952	"- Là 1 trong 5 trường đại học quốc gia lớn nhất Hàn Quốc
- Được sáp nhập từ 4 trường Cao đẳng: Y Gwangju, Nông nghiệp Gwangju, Thương mại Mokpo, Daeseong"	https://www.jnu.ac.kr	"Kỹ thuật
Hội tụ AI
Điều dưỡng
Kinh doanh - Kinh tế
Khoa học xã hội
Khoa học tự nhiên
Nhân văn (Ngôn ngữ & Văn học)
Nông nghiệp & Khoa học đời sống"	GPA: 7.0	TOPIK 3				50.000	5.600.000	 1.140.000 ~ 1.800.000	70.000	"TOPIK 4: 50% học kỳ
TOPIK 5: 100% học kỳ"	"KTX 6 tháng bao gồm ăn uống
BH 7 tháng"
56	전북대학교	"Đại học Quốc gia Chonbuk 
(Jeonbuk)"	Top 2	Tỉnh Jeollabuk	8.000.000	1947	"- Top 5 đại học công lập lớn nhất HQ, gồm 17 trường đại học trực thuộc, 14 khoa đào tạo sau đại 
- Top 20 đại học công lập xuất sắc nhất Châu Á"	https://www.jbnu.ac.kr	"Kỹ thuật
Kinh doanh - Thương mại
Nhân văn & Khoa học xã hội
Nghệ thuật
Khoa học tự nhiên
Nông nghiệp & đời sống"	GPA: 7.0	TOPIK 3				50.000	5.200.000	1.000.000	100.000	"TOPIK 5: 40% học kỳ
TOPIK 6: 100% học kỳ"	"Cho đóng học phí 2 kỳ
KTX 6 tháng"
57	제주대학교	Đại học Quốc gia Jeju	Top 2	Tỉnh Jeju	8.000.000	1952		https://www.jejunu.ac.kr	"Công nghệ sinh học / Khoa học tự nhiên
Du lịch – Khách sạn (rất mạnh vì Jeju là đảo du lịch)
Kinh tế – Quản trị kinh doanh
Công nghệ thông tin – AI
Ngôn ngữ & giáo dục"		TOPIK 3				50.000	4.800.000	950.000	150.000		"KTX 4 tháng
BH 1 năm"
58	조선대학교	Đại học Chosun	Top 2	Thành phố Gwangju	8.000.000	1946		https://www.chosun.ac.kr	"Nhân văn
Khoa học tự nhiên & xã hội
Quản trị kinh doanh
Thương mại quốc tế

Kỹ thuật và công nghệ"	GPA: 7.0	TOPIK 3					5.100.000	796.000 - 1.402.000	70.000	"TOPIK 3: 50% học kỳ
TOPIK 4: 100% học kỳ"	"KTX 4 tháng
BH 6 tháng"
59	중부대학교	Đại học Joongbu	Top 2		8.000.000			https://www.joongbu.ac.kr	"Cảnh sát – An ninh (thế mạnh chính)
Du lịch – Hàng không – Khách sạn
Công nghệ thông tin – Phần mềm
Y tế – Chăm sóc sức khỏe
 – Nghệ thuật"		TOPIK 3				100.000	4.400.000				
60	창신대학교	Changshin University	Top 2	Tỉnh Gyeongsangnam	8.000.000	1991		https://www.cs.ac.kr	"Điều dưỡng (Nursing)
Quản trị kinh doanh
Khách sạn – Du lịch
Thiết kế / Nghệ thuật
Công nghệ thông tin – Kỹ thuật máy tính"	GPA: 6.5	TOPIK 3					4.800.000	800.000		Giảm từ 30- 50% học bổng đầu vào	KTX 4 tháng
61	청주대학교	Đại học Cheongju	Top 2	Tỉnh Chungcheongbuk	8.000.000	1946		https://www.cju.ac.kr	"Kỹ thuật,
Kinh doanh,
Nghệ thuật"	GPA: 7.0	TOPIK 3				50.000	4.800.000	1,382,000		Học bổng của trường và khoa, giảm 33% - 100% học phí	KTX 4 tháng
62	충북대학교	Đại học Quốc gia Chungbuk	Top 2	Tỉnh Chungcheongbuk	8.000.000	1951	"- Gần sân bay QT Cheongju, cách Seoul 200km
- Hiện tại trường bao gồm 14 trường đại học, 7 viện cao học và hơn 50 viện nghiên cứu"	https://www.chungbuk.ac.kr	"Kỹ thuật
Điều dưỡng
Thú y
Sư phạm
Kinh doanh
Kỹ thuật điện tử
Khoa hoc xã hội
Khoa học tự nhiên
Mỹ thuật - Thiết kế
Nhân văn (Ngôn ngữ & văn học)
Nông nghiệp - Đời sống - Môi trường"	GPA: 7.0	TOPIK 3				70.000	5.600.000	869.000		"TOPIK 3: 20% học kỳ
TOPIK 4: 40% học kỳ
TOPIK 5&6: 80% học kỳ"	KTX 1 học kỳ
63	평택대학교	Đại học Pyeongteak 	Top 2	Tỉnh Gyeonggi	10.000.000	1912		https://www.ptu.ac.kr	"Công nghệ thông tin
Kinh doanh - Thương mại
Phúc lợi xã hội
Văn hóa nghệ thuật"	GPA: 6.5	TOPIK 3				50.000	5.000.000	1.620.000	100.000	TOPIK 3: 40% học kỳ	"KTX 6 tháng
BH 6 tháng"
64	한국기술교육대학교	Đại học Kỹ thuật và Giáo dục Hàn Quốc	Top 2	Tỉnh Chungcheongnam	8.000.000	1991	"Koreatech nằm trong TOP 12 trường đào tạo kỹ sư hàng đầu Hàn Quốc.
Trường đứng đầu về tỉ lệ sinh viên có việc làm sau tốt nghiệp (Theo Nhật báo Joongang)."	https://www.koreatech.ac.kr	"Kỹ thuật cơ khí
Kỹ thuật máy tính
Quản trị kinh doanh
Kỹ thuật kiến trúc / xây dựng"	GPA: 7.0	TOPIK 3					5.200.000	740.000		"TOPIK 4: 25%
TOPIK 5: 50%

Đối với sinh viên hệ tiếng trong trường: 
TOPIK 3: 25%
TOPIK 4: 50%
TOPIK 5: 100%"	KTX 20 tuần
65	한국성서대학교	Đại học Kinh thánh Hàn Quốc	Top 2	Thủ đô Seoul	10.000.000	1952		https://www.bible.ac.kr	"Khoa Kinh Thánh
Khoa phúc lợi xã hội
Khoa Chăm sóc trẻ sơ sinh và trẻ sơ sinh
Khoa Điều dưỡng
Khoa tích hợp AI"	GPA: 6.5	TOPIK 4				60.000	4.800.000	500.000			KTX 1 học kỳ
66	한국외국어대학교	"Đại học Ngoại Ngữ 
Hankuk"	Top 2	Thủ đô Seoul	10.000.000	1954		https://www.hufs.ac.kr	"Ngôn ngữ & Khu vực học (Anh, Trung, Nhật, Tây Ban Nha, Ả Rập, Nga…)

Quan hệ quốc tế
Kinh doanh quốc tế
 & Media quốc tế
Biên – phiên dịch"	GPA: 7.0	TOPIK 4				60.000	6.400.000		30.000	Học bổng sẽ được thông báo sau khi trúng tuyển	
67	한남대학교	Đại học Hannam	Top 2	Thành phố Daejeon	8.000.000	1956	- Trường đại học sở hữu 7 Viện đào tạo sau đại học và 10 Trường đại học trực thuộc, bao gồm 58 khoa, 10 Tổ chức phụ trợ giáo dục và 32 Viện nghiên cứu,...	https://www.hnu.kr	"Kỹ thuật
Điều dưỡng
Kinh doanh - Kinh doanh toàn cầu
Thiết kế & Công nghệ nghệ thuật
Văn học
Khoa học & Nano
Công nghệ - Kiến trúc
Công nghệ thông minh
Khoa học xã hội - Nhân văn
"	GPA: 6.5	TOPIK 3				70.000	5.600.000	1.130.000	116.000	"TOPIK 3: 40% học kỳ
TOPIK 4: 50% học kỳ
TOPIK 5 & 6: 100% học kỳ"	"KTX 6 tháng
BH 6 tháng"
68	한서대학교	Đại học Hanseo	Top 2	Tỉnh Chungcheongnam	8.000.000	1992	"- Trường đại học đầu tiên ở Châu Á có sân bay riêng và đưa máy bay B737 vào hoạt động
- Điều hành chương trình đào tạo phi công với các hãng hàng không như ASIANA Airline"	https://www.hanseo.ac.kr	"Hàng không
Hàng không liên hợp
Thiết kế nghệ thuật - 
Khoa học sức khỏe"	"D4-1
- GPA: 6.5
- Chỉ có kỳ T3, 9"	TOPIK 3				60.000	5.000.000	1.100.000		"TOPIK 3: 30% học kỳ
TOPIK 4: 40% học kỳ
TOPIK 5: 50% học kỳ
TOPIK 6: 60% học kỳ"	KTX 1 năm
69	호서대학교	Đại học Hoseo	Top 2	Thủ đô Seoul	10.000.000	1978	8 năm liên tiếp thuộc top đầu các trường đại học khu vực Daejeon- Chungcheong về tỷ lệ việc làm sau khi tốt nghiệp	https://www.hoseo.edu	"Kỹ thuật
Trí tuệ nhân tạo
Hội tụ Toàn cầu
Nghệ thuật & Thể thao
Kinh doanh - Thương mại
Khoa học Sức khỏe & Công nghệ Sinh học"	"GPA 7.0
"	TOPIK 3				100.000	4.860.000	"920.000

1.300.000"	70.000	Không có học bổng TOPIK	KTX 15 tuần
70	경남정보대학교	Cao đẳng CNTT Kyungnam (KIT)	Top 2	Thành phố Busan	8.000.000	1965	- Trường được chính phủ chỉ định chuyển đổi visa E7 ngay sau tốt nghiệp đối với ngành điều dưỡng	https://www.kit.ac.kr	"Kỹ thuật
Làm Đẹp
Điều Dưỡng
Cơ khí - oto điện

Kinh Doanh
Du lịch khách sạn"	GPA: 6.5	TOPIK 3					4.800.000	1.050.000		"TOPIK 3: 30% học kỳ
TOPIK 4: 40% học kỳ
"	KTX 6 tháng
71	"
경복대학교
"	Cao đẳng Kyungbok	Top 2	Tỉnh Gyeonggi	10.000.000	1992	"- Tập trung đào tạo các khối ngành đảm bảo 100% có việc làm sau khi tốt nghiệp
- Cách Seoul 30 phút đi tàu"	https://www.kyungbok.ac.kr	"Kỹ thuật
Điều dưỡng
Công nghệ thông tin
Quản lý & Dịch vụ
Nghệ thuật & Thiết kế"	GPA 6.5	TOPIK 3				50.000	5.200.000	260000		"TOPIK 3: 30% học kỳ
TOPIK 4: 40% học kỳ
TOPIK 5: 50% học kỳ
TOPIK 6: 60% học kỳ"	"Điều dưỡng: TOPIK 6

""Cơ sở Namyangju:
- 260,000 KRW/tháng (phòng 2 người)
Cơ sở Pocheon:
- 230,000 KRW/tháng (phòng 2 người)"""
72	경인여자대학교	Đại học Nữ sinh Kyungin	Top 2	Thành phố Incheon	8.000.000	1992	"Trường Nữ sinh top đầu tại Incheon

Năm 2016, trường được xếp hạng là Đại học Xuất sắc trong Chương trình Khảo sát về Giáo dục Đại học của Chính phủ Hàn Quốc."	https://www.kiwu.ac.kr	"Kinh doanh, Thương mại quốc tế
Dịch vụ du lịch toàn cầu
Dịch vụ hàng không, Quản trị du lịch khách sạn
Thiết kế thời trang
Làm đẹp và chăm sóc da mặt, Làm đẹp tóc
Thiết kế đồ họa và quảng cáo"	GPA: 6.5	TOPIK 3					4.400.000	300.000	70.000	"Thông tin học bổng chưa rõ:
HB 30% cho tân sv ngành Nhân văn xã hội nhưng k tìm thấy ngành này ở trường???

https://ncms.kiwu.ac.kr/attach/namo/files/000002/20251020171353265_IMVH72S8.pdf"	"KTX 1 tháng
BH 3 tháng"
73	동원대학교	Tongwon University	Top 2	Tỉnh Gyeonggi	10.000.000	1993		https://www.tw.ac.kr	"Công nghệ thông tin (IT)
Kiến trúc & Nội thất
Quản trị khách sạn – du lịch
Kinh doanh & thương mại điện tử
Làm đẹp & thiết kế"	GPA: 6.6	TOPIK 3					5.000.000		100.000		BH 6 tháng
74	동의과학대학교	Trường Cao đẳng Khoa học Công nghệ Dong-Eui	Top 2	Thành phố Busan	8.000.000	1973	"Trường đại học được chứng nhận hệ thống đảm bảo năng lực quốc tế giáo dục vào năm 2025.

Vận hành chương trình đào tạo thân thiện với sinh viên nước ngoài với hệ thống chuyên nghiệp."	https://www.dit.ac.kr	"Ẩm thực
Điều dưỡng
Làm đẹp - tóc
Xã hội và nhân văn
Khoa học tự nhiên
Kỹ thuật cơ khí"	GPA: 6.5	TOPIK 3				100.000	4.800.000	900.000	80.000	"TOPIK 3: 300.000krw
TOPIK 4: 400.000krw
TOPIK 5: 500.000krw
TOPIK 6: 600.000krw"	"KTX 6 tháng
BH 6 tháng"
75	명지전문대학	Cao đẳng Myongji	Top 2	Thủ đô Seoul	10.000.000	1974		"
https://www.mjc.ac.kr"	"Kinh doanh – thương mại
 – thiết kế
Công nghệ thông tin
Du lịch – khách sạn
Kỹ thuật"	GPA: 6.5	TOPIK 3						975.000 - 1.200.000		"TOPIK 3: 30% học kỳ
TOPIK 4: 40% học kỳ
TOPIK 5: 50% học kỳ
TOPIK 6: 60% học kỳ"	KTX 15 tuần
76	부산과학기술대학교	Cao đẳng Khoa học Kỹ thuật Busan	Top 2	Thành phố Busan	8.000.000	1976		https://www.bist.ac.kr	"Khoa học tự nhiên
Xã hội nhân văn
Khoa học kỹ thuật"	GPA: 6.5	TOPIK 3					4.400.000	700.000 - 920.000		TOPIK 3: 600.000krw kỳ đầu	"*HB 500.000krw cho GPA 8.0 hoặc Topik 2

KTX 6 tháng"
77	부천대학교	Cao đẳng Bucheon	Top 2	Tỉnh Gyeonggi	10.000.000	1958	"- Đại học Bucheon luôn được khen tặng về những đóng góp nổi bật trong nỗ lực quốc tế hóa nền giáo dục Hàn Quốc
- Cơ sở vật chất từ lớp học đến ký túc xá được trang bị hiện đại"	https://www.bc.ac.kr	"Thiết kế 
Kỹ thuật
Quản trị kinh doanh
Du lịch khách sạn
Công nghệ thông tin
Khoa học tự nhiên
Khoa học xã hội"	GPA 6.5	TOPIK 3				50.000	4.800.000	1.200.000	100.000	"TOPIK 2: 40% học kỳ
TOPIK 3 & 4: 60% học kỳ
TOPIK 5 & 6: 70% học kỳ"	"KTX 4 tháng 
BH 6 tháng"
78	아산대학교	Đại học Ansan	Top 2	Tỉnh Gyeonggi	10.000.000	1972		https://www.asan.ac.kr	"Điều dưỡng
Làm đẹp
Du lịch khách sạn
Marketing – Quản trị kinh doanh"	GPA: 6.5	TOPIK 3				50.000	4.800.000	645.000		"Sinh viên học hệ tiếng lên chuyên ngành: 100.000krw

TOPIK 2: 30% học kỳ
TOPIK 3: 40% học kỳ
TOPIK 4: 50% học kỳ
TOPIK 5: 60% học kỳ
TOPIK 6: 100% học kỳ"	KTX 3 tháng
79	영남이공대학교	Yeungnam University College	Top 2	Thành phố Daegu	8.000.000	1968		https://www.ync.ac.kr	"Kỹ thuật ô tô
Điện - bán dãn
Điều dưỡng"	GPA: 7.0	TOPIK 3				100.000	4.400.000	1.200.000	180.000		"KTX 6 tháng
BH 6 tháng - cọc 300.000"
80	영진전문대학교	Cao đẳng Yeungjin	Top 2	Thành phố Daegu	8.000.000	1977	Trường nổi tiếng tại Hàn Quốc về đào tạo kỹ thuật và công nghệ, đặc biệt là các ngành IT, kỹ thuật, du lịch và điều dưỡng.	https://www.yju.ac.kr	"Kỹ thuật
Nhân văn xã hội
Khoa học tự nhiên
Nghệ thuật, thiết kế
Điều dưỡng
Làm đẹp"	GPA: 6.5	TOPIK 3					4.400.000	1.000.000		"TOPIK 2: 30% học kỳ
TOPIK 3: 40% học kỳ
TOPIK 4: 50% học kỳ
TOPIK 5: 60% học kỳ
TOPIK 6:  70% học kỳ"	"KTX 1 học kỳ
680-1tr

Phí SGK 100k"
81	오산대학교	Đại học Osan	Top 2	Tỉnh Gyeonggi	10.000.000	1978		https://www.osan.ac.kr	"Kỹ thuật
Tự động hoá
Phần mềm máy tính
Thiết kế nội dung digital
Chăm sóc sức khoẻ (human care)
Kinh doanh  media
Dịch vụ khách sạn du lịch
K-beauty (mỹ phẩm làm đẹp)
Fashion stylist
Văn hoá nghệ thuật"	GPA: 6.5	TOPIK 3				50.000	4.800.000	600.000	200.000	"Tân sinh viên 20% học kỳ
TOPIK 3: 30% học kỳ
TOPIK 4: 40% học kỳ
TOPIK 5: 50% học kỳ"	"KTX 3 tháng
BH 6 tháng"
82	용인예술과학대학교	Cao đẳng Khoa học Mỹ thuật Yongin	Top 2	Tỉnh Gyeonggi	10.000.000	1994		https://www.ysc.ac.kr	"Dịch vụ hàng không, khách sạn, du lịch
Kỹ thuật máy và tự động
Điều dưỡng"	GPA: 6.8	TOPIK 3					4.400.000	1.800.000			KTX 6 tháng
83	원광보건대학교	Trường Cao đẳng Khoa học Sức khỏe Wonkwang	Top 2	Tỉnh Jeollabuk	8.000.000	1976		https://www.wu.ac.kr	"Sức khỏe và Khoa học
Khách sạn và Du lịch
Nghệ thuật Thực hành
Làm đẹp (da, tóc, make-up, nails)
Thiết kế trang sức
Điều dưỡng"	GPA: 7.0	TOPIK 3				100.000	4.000.000	800.000			KTX 4 tháng
84	인덕대학교	Đại học Induk	Top 2	Thủ đô Seoul	10.000.000	1962		https://www.induk.ac.kr	"Kỹ thuật
Thiết kế
Quản trị du lịch dịch vụ
Làm đẹp"	GPA: 6.5	TOPIK 3				50.000	4.900.000	200.000		TOPIK 2,3: 40%	KTX 1 tháng
85	전북과학대학교	Cao đẳng Khoa học Jeonbuk	Top 2	Tỉnh Jeollabuk	8.000.000	1994		https://www.jbsc.ac.kr	"Làm đẹp
Điều dưỡng
Phát thanh và truyền hình giải trí
Nấu ăn làm bánh khách sạn
Khoa học tự nhiên
Khoa học xã hội"	GPA: 6.5	TOPIK 3					4.000.000	500.000		"TOPIK 3: 300.000krw
TOPIK 4: 400.000krw"	KTX 6 tháng
86	제주한라대학교	Jeju Halla University (Cao đẳng)	Top 2	Tỉnh Jeju	8.000.000	1969		https://www.halla-c.ac.kr	"Y tế - Điều dưỡng
Quản trị khách sạn - du lịch
Phúc lợi xã hội
Truyền hình video
Trí tuệ nhân tạo
Nghệ thuật nhân văn (Beauty art)"	GPA: 6.5	"TOPIK 2
*Liên thông lên hệ ĐH TOPIK 4"				20.000		1.440.000		Ko có học bổng topik	"KTX6 tháng
DHS đóng 1 năm*"
87	한국영상대학교	Korea University of Media Arts (Cao đẳng)	Top 2	Thành phố Sejong	8.000.000	1993		https://www.pro.ac.kr		GPA: 6.5	TOPIK 2						1.211.000		"Không có học bổng TOPIK
- TOEIC 600: 1.000.000krw
- TOEIC 850: 100% học kỳ"	733k-1211k/ kỳ
88	한양여자대학교	Hanyang Women’s University (Cao đẳng)	Top 2	Thủ đô Seoul	10.000.000	1974		https://www.hywoman.ac.kr	"Thiết kế thời trang
Công nghệ thông tin – Big Data / AI
Du lịch – Khách sạn – Hàng không
Thiết kế  – Media Design
Dinh dưỡng & Công nghiệp thực phẩm"	GPA: 6.5	TOPIK 2				50.000	5.200.000	750.000		"TOPIK 4: 40% học kỳ
TOPIK 5: 50% học kỳ
TOPIK 6: 60% học kỳ

*đối với sinh viên hệ tiếng, đáp ứng tất cả điều kiện về TOPIK, chuyên cần, thành tích có thể nhận HB 100%"	KTX 3 tháng
89	국제언어대학원대학교	Trường cao học Ngôn ngữ quốc tế	Top 2	Thủ đô Seoul	10.000.000	2002		https://www.gsit.ac.kr	"Giáo dục tiếng Hàn
Phát triển sách giáo khoa tiếng Anh
Phiên biên dịch Hàn - Việt
Kinh doanh tích hợp
Quản trị kinh doanh Hàn Quốc - Việt Nam"		"D2-3 TOPIK 3
*Ngành Biên phiên dịch Hàn - Việt: TOPIK 4"					5.200.000		150.000		
90	선학유피대학원대학교	SunHak UP Graduate University	Top 2	Tỉnh Gyeonggi	10.000.000	2000		https://www.sunhakup.ac.kr							100.000	6.000.000	441.000	200000		"KTX 1 học kỳ
BH 6 tháng" cập nhập các thông tin này
